,City,Lat,Lng,Max Temp,Humidity,Cloudiness,Wind Speed,Country,Current Description
0,mahebourg,-20.4081,57.7,72.25,83,19,8.86,MU,few clouds
1,namibe,-15.1961,12.1522,71.8,65,16,3.13,AO,few clouds
2,nanortalik,60.1432,-45.2371,38.64,83,19,19.37,GL,few clouds
3,vaini,-21.2,-175.2,69.96,94,90,6.91,TO,light rain
4,shache,38.4167,77.2406,76.5,27,100,7.38,CN,overcast clouds
5,tiksi,71.6872,128.8694,34.09,90,67,8.25,RU,broken clouds
6,east london,-33.0153,27.9116,56.82,64,81,8.23,ZA,broken clouds
7,catamarca,-28.4696,-65.7852,61.59,50,0,9.8,AR,clear sky
8,cape town,-33.9258,18.4232,56.12,94,82,3.51,ZA,broken clouds
9,thompson,55.7435,-97.8558,61.75,30,38,4.43,CA,scattered clouds
10,nadym,65.5333,72.5167,36.82,78,72,9.91,RU,broken clouds
11,new norfolk,-42.7826,147.0587,38.75,89,53,3.33,AU,broken clouds
12,caluquembe,-13.7833,14.6833,57.49,30,0,3.2,AO,clear sky
13,ostrovnoy,68.0531,39.5131,40.8,83,89,13.94,RU,overcast clouds
14,saint george,37.1041,-113.5841,95.47,10,1,11.99,US,clear sky
15,pitea,65.3172,21.4794,55.49,57,100,10.83,SE,light rain
16,ribeira grande,38.5167,-28.7,64.51,83,71,9.98,PT,broken clouds
17,longyearbyen,78.2186,15.6401,33.64,80,90,3.44,SJ,overcast clouds
18,ushuaia,-54.8,-68.3,28.06,100,75,5.75,AR,light snow
19,jamestown,42.097,-79.2353,60.39,51,90,9.22,US,overcast clouds
20,sailana,23.4667,74.9167,81.19,62,1,14.36,IN,clear sky
21,kaeo,-35.1,173.7833,57.33,97,80,19.8,NZ,broken clouds
22,barreirinha,-2.7933,-57.07,82.18,67,81,1.3,BR,broken clouds
23,salinas,36.6777,-121.6555,94.01,53,1,16.11,US,clear sky
24,punta arenas,-53.15,-70.9167,33.12,69,26,7.74,CL,scattered clouds
25,puerto ayora,-0.7393,-90.3518,75.54,84,18,8.01,EC,few clouds
26,newburgh,41.5034,-74.0104,51.51,93,90,1.01,US,moderate rain
27,port elizabeth,-33.918,25.5701,59.09,71,97,11.18,ZA,overcast clouds
28,albany,42.6001,-73.9662,48.51,93,100,6.44,US,moderate rain
29,otukpo,7.1913,8.1329,78.89,81,50,8.72,NG,scattered clouds
30,mataura,-46.1927,168.8643,49.48,98,100,2.84,NZ,overcast clouds
31,kulhudhuffushi,6.6221,73.07,83.12,74,79,19.48,MV,broken clouds
32,shingu,33.7333,135.9833,63.91,65,0,4.34,JP,clear sky
33,chokurdakh,70.6333,147.9167,61.43,31,16,12.33,RU,few clouds
34,virden,39.5009,-89.7679,71.1,45,76,3.87,US,broken clouds
35,sorland,67.667,12.6934,46.47,93,100,14.38,NO,overcast clouds
36,torbay,47.6666,-52.7314,56.88,66,62,5.93,CA,broken clouds
37,ponta do sol,32.6667,-17.1,65.12,55,20,7.0,PT,few clouds
38,saskylakh,71.9167,114.0833,37.35,85,67,3.27,RU,broken clouds
39,cockburn town,21.4612,-71.1419,80.35,81,16,18.19,TC,few clouds
40,busselton,-33.65,115.3333,52.09,67,99,14.34,AU,overcast clouds
41,kapaa,22.0752,-159.319,84.52,62,20,8.39,US,few clouds
42,carnarvon,-24.8667,113.6333,53.67,100,50,6.91,AU,scattered clouds
43,castro,-24.7911,-50.0119,56.23,99,100,2.51,BR,overcast clouds
44,orangeville,43.9168,-80.0997,64.8,49,15,4.36,CA,few clouds
45,rikitea,-23.1203,-134.9692,75.11,70,97,12.41,PF,overcast clouds
46,pangody,65.85,74.4859,37.36,71,85,13.0,RU,overcast clouds
47,vanimo,-2.6741,141.3028,78.53,89,98,6.13,PG,overcast clouds
48,caravelas,-17.7125,-39.2481,75.07,86,9,6.29,BR,clear sky
49,haines junction,60.7522,-137.5108,50.88,65,99,6.6,CA,overcast clouds
50,acapulco,16.8634,-99.8901,89.42,62,75,9.13,MX,broken clouds
51,sao filipe,14.8961,-24.4956,74.16,75,86,6.85,CV,overcast clouds
52,kieta,-6.2167,155.6333,81.27,82,43,4.12,PG,light rain
53,cordoba,-31.4135,-64.1811,54.45,43,0,9.04,AR,clear sky
54,hithadhoo,-0.6,73.0833,83.34,73,14,18.72,MV,few clouds
55,medicine hat,50.0501,-110.6683,75.85,21,5,5.01,CA,clear sky
56,barrow,71.2906,-156.7887,33.82,75,90,16.11,US,overcast clouds
57,sibolga,1.7427,98.7792,75.42,89,72,3.09,ID,broken clouds
58,port shepstone,-30.7414,30.455,60.55,71,52,4.38,ZA,light rain
59,new bern,35.1085,-77.0441,61.11,86,90,9.22,US,overcast clouds
60,narimanov,46.6927,47.8498,66.11,73,61,10.96,RU,broken clouds
61,marataizes,-21.0433,-40.8244,73.74,91,99,2.3,BR,overcast clouds
62,mar del plata,-38.0023,-57.5575,51.13,55,0,3.0,AR,clear sky
63,arraial do cabo,-22.9661,-42.0278,75.06,83,75,5.75,BR,broken clouds
64,pontalina,-17.525,-49.4472,77.0,43,97,0.76,BR,overcast clouds
65,owase,34.0667,136.2,67.64,58,0,2.28,JP,clear sky
66,broken hill,-31.95,141.4333,45.05,34,6,8.05,AU,clear sky
67,sitka,57.0531,-135.33,57.09,62,90,6.91,US,overcast clouds
68,sault sainte marie,46.5168,-84.3333,68.29,24,1,8.05,CA,clear sky
69,baiyin,36.5583,104.2081,63.48,41,61,6.82,CN,broken clouds
70,la ronge,55.1001,-105.2842,62.17,34,38,4.34,CA,scattered clouds
71,qasigiannguit,68.8193,-51.1922,37.65,78,40,9.6,GL,scattered clouds
72,san pedro,14.35,121.0167,81.63,88,40,2.51,PH,scattered clouds
73,harper,4.375,-7.7169,78.53,88,100,9.55,LR,moderate rain
74,otjimbingwe,-22.35,16.1333,62.49,38,3,1.57,NA,clear sky
75,iqaluit,63.7506,-68.5145,40.69,75,100,4.0,CA,overcast clouds
76,pontianak,-0.0333,109.3333,75.18,100,90,1.9,ID,light rain
77,johi,26.6921,67.6133,93.99,39,0,14.38,PK,clear sky
78,dingle,10.9995,122.6711,78.84,88,80,1.25,PH,broken clouds
79,north bend,43.4065,-124.2243,83.95,73,97,12.15,US,overcast clouds
80,machala,-3.2667,-79.9667,75.51,76,41,7.4,EC,scattered clouds
81,tasiilaq,65.6145,-37.6368,39.36,92,100,8.25,GL,overcast clouds
82,hilo,19.7297,-155.09,83.93,72,40,18.41,US,scattered clouds
83,ajdabiya,30.7554,20.2263,76.78,36,0,10.94,LY,clear sky
84,casambalangan,18.3765,122.1274,81.05,83,40,5.35,PH,scattered clouds
85,norman wells,65.282,-126.8329,54.95,52,65,10.58,CA,broken clouds
86,leshukonskoye,64.8989,45.7622,34.61,79,69,4.7,RU,broken clouds
87,kaitangata,-46.2817,169.8464,50.29,93,100,6.6,NZ,overcast clouds
88,meadow lake,34.8014,-106.5436,76.44,20,77,6.69,US,broken clouds
89,vila velha,-20.3297,-40.2925,76.95,87,0,5.01,BR,clear sky
90,bredasdorp,-34.5322,20.0403,51.53,80,78,3.47,ZA,broken clouds
91,bluff,-46.6,168.3333,49.8,91,100,22.37,NZ,overcast clouds
92,gewane,10.1664,40.6453,87.6,21,15,4.94,ET,few clouds
93,aleksandrovka,46.8383,32.7612,59.68,78,88,6.13,UA,overcast clouds
94,bandarban,22.1965,92.2262,75.51,95,52,2.28,BD,broken clouds
95,zyryanovsk,49.7386,84.2719,48.42,60,0,2.15,KZ,clear sky
96,avarua,-21.2078,-159.775,78.85,53,40,9.22,CK,scattered clouds
97,port alfred,-33.5906,26.891,57.4,67,97,11.16,ZA,overcast clouds
98,komsomolskiy,40.4272,71.7189,71.26,47,52,3.02,UZ,broken clouds
99,qui nhon,13.7667,109.2333,81.82,78,2,3.8,VN,clear sky
100,airai,-8.9266,125.4092,57.54,86,100,1.5,TL,overcast clouds
101,altay,47.8667,88.1167,56.12,21,2,5.61,CN,clear sky
102,pevek,69.7008,170.3133,38.59,69,7,1.63,RU,clear sky
103,makakilo city,21.3469,-158.0858,83.95,61,40,8.05,US,scattered clouds
104,salcininkai,54.3,25.3833,48.29,76,24,8.1,LT,few clouds
105,muros,42.7762,-9.0603,67.84,75,30,8.19,ES,scattered clouds
106,lavrentiya,65.5833,-171.0,37.08,76,6,13.67,RU,clear sky
107,ilulissat,69.2167,-51.1,37.42,75,20,12.66,GL,few clouds
108,meulaboh,4.1363,96.1285,75.2,89,87,4.72,ID,overcast clouds
109,victoria,22.2855,114.1577,86.38,89,100,1.99,HK,overcast clouds
110,qaanaaq,77.484,-69.3632,32.07,93,100,3.27,GL,overcast clouds
111,tual,-5.6667,132.75,81.5,76,100,18.25,ID,overcast clouds
112,cabo san lucas,22.8909,-109.9124,101.52,50,0,13.6,MX,clear sky
113,batouri,4.4333,14.3667,72.45,83,73,0.94,CM,broken clouds
114,mezen,65.8522,44.24,40.39,70,99,7.72,RU,overcast clouds
115,kudat,6.8837,116.8477,80.01,81,100,4.18,MY,overcast clouds
116,guerrero negro,27.9769,-114.0611,67.66,57,3,18.45,MX,clear sky
117,blytheville,35.9273,-89.919,75.24,37,1,5.01,US,clear sky
118,teya,60.3778,92.6267,37.33,69,85,3.33,RU,overcast clouds
119,vostok,46.4856,135.8833,43.12,93,100,1.86,RU,overcast clouds
120,namatanai,-3.6667,152.4333,81.41,78,96,7.63,PG,light rain
121,kazachinskoye,57.6953,93.2761,36.19,77,6,1.95,RU,clear sky
122,hanko,59.8333,22.95,47.84,61,34,6.71,FI,scattered clouds
123,hermanus,-34.4187,19.2345,55.9,76,98,6.26,ZA,overcast clouds
124,dikson,73.5069,80.5464,30.07,98,100,5.48,RU,snow
125,lamesa,32.7376,-101.951,80.08,39,100,23.13,US,overcast clouds
126,naze,28.3667,129.4833,72.52,82,100,15.17,JP,light rain
127,broome,42.2506,-75.833,49.82,88,90,1.01,US,light rain
128,puerto escondido,15.85,-97.0667,86.83,70,90,8.05,MX,overcast clouds
129,tuktoyaktuk,69.4541,-133.0374,39.61,65,2,4.92,CA,clear sky
130,terrace,54.5163,-128.6035,54.43,96,100,1.05,CA,light rain
131,bayan,46.0833,127.4,58.69,75,37,4.52,CN,scattered clouds
132,vestmanna,62.1564,-7.1664,50.92,93,90,18.01,FO,overcast clouds
133,coquimbo,-29.9533,-71.3436,55.13,94,20,4.52,CL,few clouds
134,atuona,-9.8,-139.0333,79.61,64,6,8.9,PF,clear sky
135,khasan,42.4308,130.6434,52.52,94,96,9.66,RU,overcast clouds
136,bestobe,52.4994,73.0975,67.8,43,91,7.58,KZ,overcast clouds
137,port lincoln,-34.7333,135.8667,55.33,40,100,13.98,AU,overcast clouds
138,adrar,20.5022,-10.0711,91.69,25,99,8.12,MR,overcast clouds
139,orlik,52.5178,99.825,30.87,88,100,4.54,RU,overcast clouds
140,clyde river,70.4692,-68.5914,29.95,87,45,1.79,CA,scattered clouds
141,san luis,-33.295,-66.3356,52.93,50,1,3.78,AR,clear sky
142,georgetown,5.4112,100.3354,81.9,87,20,5.46,MY,few clouds
143,vallenar,-28.5708,-70.7581,69.22,43,0,3.91,CL,clear sky
144,chuy,-33.6971,-53.4616,46.13,69,5,6.87,UY,clear sky
145,san patricio,28.017,-97.5169,87.89,58,39,16.24,US,scattered clouds
146,awbari,26.5921,12.7805,89.74,10,12,8.75,LY,few clouds
147,hobart,-42.8794,147.3294,39.11,93,20,3.0,AU,few clouds
148,nikolskoye,59.7035,30.7861,40.89,66,3,0.74,RU,clear sky
149,saint-philippe,-21.3585,55.7679,71.22,81,30,5.17,RE,light rain
150,el zapote,21.0667,-102.8,90.93,13,91,7.58,MX,overcast clouds
151,lebu,-37.6167,-73.65,55.17,89,100,7.34,CL,overcast clouds
152,faanui,-16.4833,-151.75,80.1,73,99,16.04,PF,overcast clouds
153,khapa,21.4333,78.9667,91.58,39,94,7.36,IN,overcast clouds
154,jacareacanga,-6.2222,-57.7528,82.62,60,94,1.81,BR,overcast clouds
155,manta,-0.95,-80.7333,76.46,81,86,12.48,EC,overcast clouds
156,upernavik,72.7868,-56.1549,31.84,93,100,5.23,GL,overcast clouds
157,rusne,55.2964,21.3758,48.29,75,9,6.62,LT,clear sky
158,erenhot,43.6475,111.9767,59.92,52,99,7.81,CN,overcast clouds
159,srednekolymsk,67.45,153.6833,62.67,27,10,11.25,RU,clear sky
160,fort morgan,40.2503,-103.8,53.82,93,90,12.66,US,overcast clouds
161,dunedin,-45.8742,170.5036,51.8,90,100,8.01,NZ,light rain
162,markdale,44.3168,-80.6497,64.81,49,6,4.0,CA,clear sky
163,butaritari,3.0707,172.7902,83.23,77,90,14.09,KI,light rain
164,yellowknife,62.456,-114.3525,50.32,48,85,7.78,CA,overcast clouds
165,samarai,-10.6167,150.6667,80.11,75,99,14.67,PG,overcast clouds
166,toora-khem,52.4675,96.11,32.38,86,100,1.74,RU,overcast clouds
167,pisco,-13.7,-76.2167,67.01,83,70,5.1,PE,broken clouds
168,te anau,-45.4167,167.7167,47.34,95,100,5.53,NZ,overcast clouds
169,zeya,53.75,127.2667,51.93,91,100,4.12,RU,overcast clouds
170,lagoa,39.05,-27.9833,62.96,85,76,9.55,PT,broken clouds
171,tabou,4.423,-7.3528,78.76,86,100,8.37,CI,light rain
172,mount isa,-20.7333,139.5,56.97,51,4,4.61,AU,clear sky
173,harrison,30.4091,-89.0436,84.27,52,1,6.91,US,clear sky
174,whitehorse,60.7161,-135.0538,57.31,41,100,15.01,CA,overcast clouds
175,aswan,24.0934,32.907,91.87,9,88,8.88,EG,overcast clouds
176,olafsvik,64.8945,-23.7142,42.85,81,92,10.47,IS,overcast clouds
177,simbahan,6.3032,120.5836,83.07,79,100,10.67,PH,overcast clouds
178,bethel,41.3712,-73.414,50.36,91,100,3.0,US,overcast clouds
179,gunnedah,-30.9833,150.25,46.02,84,0,4.0,AU,clear sky
180,pahrump,36.2083,-115.9839,97.52,8,13,5.99,US,few clouds
181,erzin,36.9559,36.2,70.0,83,1,2.04,TR,clear sky
182,kodiak,57.79,-152.4072,51.31,71,90,10.36,US,overcast clouds
183,orange cove,36.6244,-119.3137,94.84,15,1,4.54,US,clear sky
184,katsuura,35.1333,140.3,68.14,71,7,14.09,JP,clear sky
185,sioux lookout,50.1001,-91.917,68.38,48,40,8.05,CA,scattered clouds
186,codrington,-38.2667,141.9667,39.11,67,2,9.62,AU,clear sky
187,black forest,39.0131,-104.7008,50.0,97,90,7.81,US,moderate rain
188,surab,28.4914,66.2585,71.82,13,0,3.56,PK,clear sky
189,trairi,-3.2778,-39.2689,77.76,81,3,8.41,BR,clear sky
190,najran,17.4924,44.1277,78.31,16,9,2.39,SA,clear sky
191,shu,43.5983,73.7614,63.52,72,28,7.58,KZ,scattered clouds
192,arlit,18.7369,7.3853,93.78,7,92,12.53,NE,overcast clouds
193,coaticook,45.1334,-71.7991,49.77,90,100,6.06,CA,overcast clouds
194,agutaya,11.148,120.9417,83.39,76,100,3.09,PH,overcast clouds
195,taltal,-25.4,-70.4833,63.66,79,23,6.02,CL,few clouds
196,kurilsk,45.2333,147.8833,37.81,96,100,18.1,RU,overcast clouds
197,bolshaya martynovka,47.271,41.6679,65.64,97,10,10.36,RU,clear sky
198,christchurch,-43.5333,172.6333,51.01,96,75,8.99,NZ,light rain
199,yulara,-25.2406,130.9889,51.64,46,90,6.91,AU,overcast clouds
200,meridian,43.6121,-116.3915,83.32,22,1,1.01,US,clear sky
201,ballina,-28.8667,153.5667,55.94,77,85,12.17,AU,overcast clouds
202,buchanan,5.8808,-10.0467,75.16,87,99,6.51,LR,moderate rain
203,shimoda,34.6667,138.95,72.16,67,0,12.86,JP,clear sky
204,vao,-22.6667,167.4833,69.19,61,96,12.66,NC,overcast clouds
205,ngunguru,-35.6167,174.5,57.16,84,59,14.65,NZ,moderate rain
206,narsaq,60.9167,-46.05,50.22,61,1,3.4,GL,clear sky
207,zmeinogorsk,51.1567,82.195,48.63,70,6,5.59,RU,clear sky
208,hasaki,35.7333,140.8333,66.29,67,31,12.5,JP,scattered clouds
209,necochea,-38.5473,-58.7368,48.15,51,82,9.48,AR,broken clouds
210,puerto baquerizo moreno,-0.9,-89.6,73.36,79,10,14.67,EC,clear sky
211,vestmannaeyjar,63.4427,-20.2734,45.63,78,57,12.57,IS,broken clouds
212,saint anthony,45.0205,-93.218,65.05,80,90,3.0,US,overcast clouds
213,mount pleasant,32.7941,-79.8626,72.12,69,90,1.99,US,overcast clouds
214,lorengau,-2.0226,147.2712,80.94,83,100,9.06,PG,overcast clouds
215,cabinda,-5.55,12.2,77.68,88,65,8.55,AO,broken clouds
216,negombo,7.2083,79.8358,84.25,79,75,5.75,LK,broken clouds
217,ziro,27.6333,93.8333,54.07,96,18,1.45,IN,few clouds
218,nanchital,18.0667,-94.4,89.62,74,20,14.52,MX,few clouds
219,carrollton,32.9537,-96.8903,78.55,64,100,1.99,US,overcast clouds
220,pergine valsugana,46.065,11.238,58.05,91,41,3.0,IT,scattered clouds
221,poya,-21.35,165.15,70.57,58,88,7.63,NC,overcast clouds
222,pesochnoye,58.006,39.1772,38.53,70,36,7.54,RU,scattered clouds
223,margate,51.3813,1.3862,53.31,82,4,4.0,GB,clear sky
224,pangai,-19.8,-174.35,79.52,81,89,9.19,TO,overcast clouds
225,west wendover,40.7391,-114.0733,76.44,10,0,6.49,US,clear sky
226,mogadouro,41.3403,-6.7119,66.78,61,27,2.46,PT,scattered clouds
227,santa cruz,-17.8,-63.1667,67.46,68,90,14.97,BO,light rain
228,cacequi,-29.8836,-54.825,47.95,63,2,3.36,BR,clear sky
229,kamenka,51.3223,42.7678,58.6,95,60,11.83,RU,broken clouds
230,rawson,-43.3002,-65.1023,49.95,83,100,13.65,AR,overcast clouds
231,dauphin,51.1494,-100.0502,55.04,61,99,7.74,CA,overcast clouds
232,astanajapura,-6.8017,108.6311,77.76,85,57,5.95,ID,broken clouds
233,severo-kurilsk,50.6789,156.125,38.88,97,100,20.42,RU,light rain
234,ormara,25.2088,64.6357,83.61,85,0,21.83,PK,clear sky
235,miri,4.4148,114.0089,76.06,91,99,3.2,MY,overcast clouds
236,port augusta,-32.5,137.7667,42.71,37,100,2.46,AU,overcast clouds
237,ugoofaaru,5.6667,73.0,83.39,72,72,20.62,MV,broken clouds
238,vila franca do campo,37.7167,-25.4333,63.01,82,62,7.05,PT,broken clouds
239,tobol,52.6844,62.5794,65.01,83,32,8.99,KZ,scattered clouds
240,asau,46.4333,26.4,52.72,95,79,1.72,RO,broken clouds
241,tuatapere,-46.1333,167.6833,49.82,95,100,6.67,NZ,overcast clouds
242,chake chake,-5.2459,39.7666,74.57,86,29,7.05,TZ,scattered clouds
243,seydi,39.4816,62.9137,89.91,12,0,8.9,TM,clear sky
244,kavaratti,10.5669,72.642,82.62,77,90,16.89,IN,overcast clouds
245,gamba,-2.65,10.0,76.17,91,89,7.45,GA,overcast clouds
246,grand gaube,-20.0064,57.6608,72.37,83,35,3.0,MU,light rain
247,vidim,56.4088,103.1106,32.68,90,69,1.72,RU,broken clouds
248,zhezkazgan,47.8043,67.7144,70.74,52,89,7.2,KZ,overcast clouds
249,hami,42.8,93.45,66.72,13,0,3.22,CN,clear sky
250,ahipara,-35.1667,173.1667,58.42,84,75,21.54,NZ,light rain
251,cherskiy,68.75,161.3,60.19,30,0,6.44,RU,clear sky
252,sakakah,29.9697,40.2064,85.53,14,82,9.95,SA,broken clouds
253,coruripe,-10.1256,-36.1756,75.18,88,58,8.37,BR,broken clouds
254,klaksvik,62.2266,-6.589,52.72,95,12,20.15,FO,few clouds
255,penzance,50.1186,-5.5371,52.81,89,7,11.21,GB,clear sky
256,beira,-19.8436,34.8389,68.09,100,0,8.25,MZ,clear sky
257,kruisfontein,-34.0033,24.7314,56.88,75,100,5.59,ZA,overcast clouds
258,wangqing,43.3218,129.7634,56.66,75,81,3.53,CN,broken clouds
259,provideniya,64.3833,-173.3,50.11,53,0,17.9,RU,clear sky
260,belaya gora,68.5333,146.4167,62.13,36,22,15.12,RU,few clouds
261,gweta,-20.1833,25.2333,65.73,24,89,3.24,BW,overcast clouds
262,tete,-16.1564,33.5867,66.16,41,0,2.44,MZ,clear sky
263,bukachacha,52.9833,116.9167,46.71,91,100,3.67,RU,overcast clouds
264,sijunjung,-0.6876,100.9537,71.49,94,99,2.42,ID,overcast clouds
265,egvekinot,66.3167,-179.1667,44.11,41,24,4.34,RU,few clouds
266,auki,-8.7676,160.7034,80.29,82,47,2.95,SB,scattered clouds
267,qianan,44.9932,124.0581,61.75,48,67,8.39,CN,broken clouds
268,khatanga,71.9667,102.5,38.25,95,93,4.14,RU,overcast clouds
269,japura,-0.3167,102.35,73.51,98,75,2.98,ID,broken clouds
270,xichang,27.8964,102.2634,65.19,79,94,1.43,CN,overcast clouds
271,kavieng,-2.5744,150.7967,81.84,80,100,9.95,PG,moderate rain
272,luderitz,-26.6481,15.1594,58.78,66,1,17.81,NA,clear sky
273,hargeysa,9.56,44.065,73.09,49,4,18.07,SO,clear sky
274,novoagansk,61.9449,76.6625,58.01,76,100,8.03,RU,overcast clouds
275,rawlins,41.7911,-107.2387,58.89,44,75,10.36,US,broken clouds
276,esperance,-33.8667,121.9,55.24,88,87,25.68,AU,light rain
277,princeton,25.5384,-80.4089,86.99,66,1,8.05,US,clear sky
278,bolshoy lug,52.0779,104.0919,39.38,95,100,3.51,RU,overcast clouds
279,lulea,65.5842,22.1547,55.47,47,20,18.41,SE,light rain
280,ucluelet,48.9329,-125.5528,64.04,88,100,3.76,CA,overcast clouds
281,aketi,2.7388,23.7833,71.76,98,68,1.88,CD,light rain
282,nyurba,63.2842,118.3319,55.92,43,22,5.61,RU,few clouds
283,vardo,70.3705,31.1107,41.2,92,100,15.88,NO,overcast clouds
284,lamar,33.6668,-95.5836,75.52,64,1,8.72,US,clear sky
285,yenagoa,4.9247,6.2642,77.13,94,79,4.56,NG,broken clouds
286,mlonggo,-6.5333,110.7,80.49,87,51,5.95,ID,broken clouds
287,itoman,26.1247,127.6694,75.97,94,75,10.36,JP,moderate rain
288,stockport,53.4098,-2.1576,60.28,58,0,4.61,GB,clear sky
289,tomatlan,19.9333,-105.25,91.18,31,63,10.33,MX,broken clouds
290,wasilla,61.5814,-149.4394,60.35,51,75,4.0,US,broken clouds
291,salym,60.0625,71.4789,58.39,72,61,1.61,RU,broken clouds
292,denpasar,-8.65,115.2167,78.46,94,20,3.15,ID,few clouds
293,vredendal,-31.6683,18.5012,54.54,73,59,7.67,ZA,broken clouds
294,hambantota,6.1241,81.1185,80.94,89,75,20.27,LK,broken clouds
295,abu zabad,12.35,29.25,89.02,31,74,5.99,SD,broken clouds
296,pavino,59.1139,46.1414,33.13,73,11,5.28,RU,few clouds
297,kongoussi,13.3258,-1.5347,98.91,22,49,6.38,BF,scattered clouds
298,mandvi,22.8333,69.3667,83.01,82,95,16.58,IN,overcast clouds
299,miles city,46.4083,-105.8406,71.53,23,17,2.08,US,few clouds
300,tranca,14.1182,121.0574,80.4,87,84,1.39,PH,broken clouds
301,flagstaff,35.1981,-111.6513,81.59,11,1,1.01,US,clear sky
302,imbituba,-28.24,-48.6703,60.69,64,95,4.97,BR,overcast clouds
303,oskarshamn,57.2645,16.4484,44.37,69,3,5.64,SE,clear sky
304,itaituba,-4.2761,-55.9836,81.48,62,51,2.57,BR,broken clouds
305,whyalla,-33.0333,137.5833,39.09,70,100,5.75,AU,overcast clouds
306,itarema,-2.9248,-39.9167,78.8,77,1,12.44,BR,clear sky
307,garowe,8.4054,48.4845,75.65,75,47,23.04,SO,scattered clouds
308,alice springs,-23.7,133.8833,44.15,57,87,4.68,AU,overcast clouds
309,constantine,36.365,6.6147,63.19,53,2,3.44,DZ,clear sky
310,fairbanks,64.8378,-147.7164,68.59,38,1,5.75,US,clear sky
311,kumphawapi,17.1087,103.0149,81.84,99,69,6.64,TH,broken clouds
312,nome,64.5011,-165.4064,56.1,38,40,16.11,US,scattered clouds
313,bairiki,1.3292,172.9752,78.8,89,40,13.15,KI,scattered clouds
314,sao joao da barra,-21.6403,-41.0511,74.03,92,57,5.39,BR,broken clouds
315,lata,40.1629,-8.3327,67.71,85,7,2.53,PT,clear sky
316,basay,9.4087,122.64,80.53,80,85,1.3,PH,overcast clouds
317,malanje,-9.5402,16.341,62.78,48,34,1.07,AO,scattered clouds
318,benguela,-12.5763,13.4055,73.27,75,3,2.89,AO,clear sky
319,sanchursk,56.9413,47.2499,42.35,70,100,11.95,RU,overcast clouds
320,narrabri,-30.3167,149.7833,45.52,86,0,4.0,AU,clear sky
321,marzuq,14.4,46.4667,78.62,43,0,3.94,YE,clear sky
322,brookings,44.3114,-96.7984,73.69,39,1,5.75,US,clear sky
323,dali,25.7,100.1833,60.73,92,39,5.01,CN,scattered clouds
324,slupsk,54.4641,17.0287,42.87,83,12,3.62,PL,few clouds
325,biltine,14.5333,20.9167,91.54,13,2,8.68,TD,clear sky
326,cidreira,-30.1811,-50.2056,51.12,57,20,8.03,BR,few clouds
327,dunmore town,25.5,-76.65,79.05,78,66,11.48,BS,broken clouds
328,balikpapan,-1.2675,116.8289,79.79,94,40,6.91,ID,scattered clouds
329,bengkulu,-3.8004,102.2655,74.26,90,63,4.23,ID,broken clouds
330,great yarmouth,52.6083,1.7305,52.95,90,3,10.0,GB,clear sky
331,san jose,37.3394,-121.895,94.06,35,20,1.01,US,few clouds
332,college,64.8569,-147.8028,66.22,41,100,2.93,US,overcast clouds
333,bela cruz,-3.0506,-40.1678,75.4,83,13,6.64,BR,few clouds
334,ancud,-41.8697,-73.8203,57.22,94,100,16.73,CL,light rain
335,lensk,60.7253,114.9278,46.72,83,98,10.04,RU,overcast clouds
336,damietta,31.4165,31.8133,75.34,65,0,16.4,EG,clear sky
337,thinadhoo,0.5333,72.9333,83.07,73,20,18.97,MV,few clouds
338,cesme,38.3228,26.3064,71.31,83,20,1.77,TR,few clouds
339,shaunavon,49.6501,-108.4181,68.74,24,76,2.37,CA,broken clouds
340,tevaitoa,-16.7833,-151.5,79.68,74,80,16.42,PF,broken clouds
341,sungurlu,40.1675,34.3739,60.94,68,17,6.35,TR,few clouds
342,bida,9.0833,6.0167,79.05,73,100,2.53,NG,overcast clouds
343,mandalgovi,45.7625,106.2708,36.9,64,48,15.84,MN,scattered clouds
344,hamilton,39.1834,-84.5333,66.54,62,90,3.0,US,overcast clouds
345,almendralejo,38.6832,-6.4075,78.39,42,98,14.34,ES,overcast clouds
346,omsukchan,62.5333,155.8,40.28,61,100,6.55,RU,overcast clouds
347,kangaatsiaq,68.3065,-53.4641,33.12,85,96,14.83,GL,overcast clouds
348,kismayo,-0.3582,42.5454,78.26,82,62,15.79,SO,broken clouds
349,mildura,-34.2,142.15,33.76,80,17,1.14,AU,few clouds
350,livingstone,-17.8419,25.8543,57.81,38,15,3.0,ZM,few clouds
351,nemuro,43.3236,145.575,41.05,82,93,19.77,JP,overcast clouds
352,geilo,60.5333,8.2076,59.18,60,67,6.55,NO,broken clouds
353,marang,5.2056,103.2059,79.3,86,32,5.06,MY,scattered clouds
354,barreiras,-12.1528,-44.99,75.49,37,27,2.86,BR,scattered clouds
355,kapit,2.0167,112.9333,72.68,99,100,0.89,MY,overcast clouds
356,aguascalientes,21.8833,-102.3,87.75,13,1,2.01,MX,clear sky
357,bavleny,56.4,39.56,42.19,62,96,10.58,RU,overcast clouds
358,leningradskiy,69.3833,178.4167,37.96,90,67,1.9,RU,broken clouds
359,san francisco,37.7749,-122.4194,95.14,61,20,8.01,US,few clouds
360,sri aman,1.2376,111.4621,72.95,97,59,1.05,MY,broken clouds
361,bosaso,11.2842,49.1816,87.08,57,6,1.97,SO,clear sky
362,berlevag,70.8578,29.0864,41.9,95,100,22.82,NO,overcast clouds
363,salalah,17.0151,54.0924,82.49,89,40,8.05,OM,scattered clouds
364,ulaanbaatar,47.9077,106.8832,33.93,80,40,5.06,MN,scattered clouds
365,poum,-20.2333,164.0167,72.54,63,69,18.14,NC,broken clouds
366,minot,48.2325,-101.2963,73.11,28,71,17.65,US,broken clouds
367,petropavlovsk-kamchatskiy,53.0452,158.6483,41.59,75,75,6.73,RU,broken clouds
368,geraldton,-28.7667,114.6,55.81,100,90,18.43,AU,overcast clouds
369,saldanha,-33.0117,17.9442,57.88,78,100,6.46,ZA,overcast clouds
370,karpathos,35.507,27.2132,67.98,77,7,8.08,GR,clear sky
371,iralaya,15.0,-83.2333,87.89,70,48,10.98,HN,scattered clouds
372,constitucion,-35.3333,-72.4167,55.83,71,100,9.19,CL,overcast clouds
373,mongo,12.1844,18.693,91.27,14,1,3.91,TD,clear sky
374,biak,-0.9131,122.8766,75.92,86,97,4.7,ID,overcast clouds
375,payo,-3.7508,103.6372,72.16,98,74,1.72,ID,moderate rain
376,qaqortoq,60.7167,-46.0333,50.5,70,0,6.82,GL,clear sky
377,daru,-9.0763,143.2092,79.45,76,79,14.2,PG,broken clouds
378,oistins,13.0667,-59.5333,80.69,65,40,21.85,BB,scattered clouds
379,gizo,-8.103,156.8419,81.95,76,90,4.41,SB,overcast clouds
380,sinnamary,5.3833,-52.95,78.26,86,67,8.48,GF,broken clouds
381,san cristobal,7.7669,-72.225,76.44,66,44,5.28,VE,scattered clouds
382,winnemucca,40.973,-117.7357,82.45,10,1,4.79,US,clear sky
383,tsaratanana,-16.7833,47.65,68.92,80,1,5.26,MG,clear sky
384,hofn,64.2539,-15.2082,46.35,100,100,16.08,IS,moderate rain
385,saint-leu,-21.15,55.2833,70.68,75,2,1.28,RE,clear sky
386,sakaiminato,35.55,133.2333,57.13,63,0,5.14,JP,clear sky
387,matay,28.419,30.7792,88.61,14,0,4.74,EG,clear sky
388,ploemeur,47.7333,-3.4333,64.81,76,0,8.05,FR,clear sky
389,ust-maya,60.4167,134.5333,55.53,60,100,7.65,RU,overcast clouds
390,yumen,40.2833,97.2,54.86,14,23,8.86,CN,few clouds
391,manmad,20.25,74.45,79.61,74,49,11.18,IN,scattered clouds
392,goderich,43.7501,-81.7165,66.2,69,6,9.44,CA,clear sky
393,kuala terengganu,5.3302,103.1408,79.43,87,35,4.65,MY,scattered clouds
394,pochutla,15.7432,-96.4661,85.05,58,71,8.41,MX,broken clouds
395,saint-augustin,51.226,-58.6502,56.08,48,2,16.69,CA,clear sky
396,roma,43.2128,-75.4557,53.74,85,90,0.0,US,overcast clouds
397,mahibadhoo,3.7833,72.9667,83.59,70,82,20.78,MV,broken clouds
398,gladstone,-23.85,151.25,63.79,63,0,5.75,AU,clear sky
399,nove hrady,48.7896,14.7784,45.79,87,17,0.87,CZ,few clouds
400,kupang,-10.1667,123.5833,75.78,78,20,5.75,ID,few clouds
401,moose factory,51.2585,-80.6094,75.72,20,10,10.25,CA,clear sky
402,zhigansk,66.7697,123.3711,51.46,53,4,11.39,RU,clear sky
403,buraydah,26.326,43.975,89.89,12,7,5.57,SA,clear sky
404,corner brook,48.9667,-57.9484,55.13,54,63,2.1,CA,broken clouds
405,norsup,-16.0667,167.3833,73.17,81,100,5.14,VU,overcast clouds
406,tura,25.5198,90.2201,73.47,95,83,4.0,IN,heavy intensity rain
407,linqiong,30.4159,103.4609,71.42,71,100,1.3,CN,overcast clouds
408,san ramon,37.7799,-121.978,93.49,33,1,7.0,US,clear sky
409,finschhafen,-6.6024,147.8681,80.8,76,100,9.78,PG,overcast clouds
410,aklavik,68.2191,-135.0107,47.79,51,98,13.67,CA,overcast clouds
411,isangel,-19.55,169.2667,77.11,73,75,7.43,VU,broken clouds
412,brae,60.3964,-1.353,46.31,95,27,9.22,GB,scattered clouds
413,sulangan,11.1373,123.7228,83.84,71,81,2.3,PH,broken clouds
414,korla,41.7597,86.1469,73.62,23,5,7.0,CN,clear sky
415,fallon,39.4735,-118.7774,87.67,8,40,9.22,US,scattered clouds
416,onega,63.9061,38.1404,38.77,70,56,5.5,RU,broken clouds
417,arawa,-6.2132,155.5367,81.23,83,47,2.59,PG,light rain
418,nurota,40.5614,65.6886,78.89,18,0,7.52,UZ,clear sky
419,shenzhen,22.5455,114.0683,86.27,92,100,7.16,CN,overcast clouds
420,ribas do rio pardo,-20.4431,-53.7592,77.52,45,52,5.5,BR,broken clouds
421,umm lajj,25.0213,37.2685,87.85,41,75,4.63,SA,broken clouds
422,muyezerskiy,63.9333,31.65,45.63,64,95,9.82,RU,overcast clouds
423,jumla,29.2747,82.1838,56.17,84,58,2.04,NP,broken clouds
424,kiunga,-6.1219,141.2906,74.53,92,100,3.24,PG,overcast clouds
425,yarensk,62.1675,49.0916,30.76,86,13,3.87,RU,few clouds
426,vitry-le-francois,48.7333,4.5833,60.93,82,0,8.25,FR,clear sky
427,santa isabel,-23.3156,-46.2214,64.65,97,59,4.43,BR,broken clouds
428,coos bay,43.3665,-124.2179,86.85,66,1,16.11,US,clear sky
429,belokurikha,51.9959,84.9896,50.9,62,8,5.73,RU,clear sky
430,balabac,7.9868,117.0645,82.15,76,100,4.68,PH,overcast clouds
431,souillac,-20.5167,57.5167,72.36,87,9,7.09,MU,clear sky
432,awjilah,29.1081,21.2869,83.82,23,0,13.04,LY,clear sky
433,kasongo,-4.45,26.6667,71.69,57,86,3.0,CD,overcast clouds
434,dawson creek,55.7666,-120.2362,67.06,46,99,15.14,CA,overcast clouds
435,port arthur,38.8,121.2667,59.22,80,10,10.27,CN,light rain
436,kenai,60.5544,-151.2583,62.02,56,90,13.8,US,overcast clouds
437,dudinka,69.4058,86.1778,34.02,98,100,15.93,RU,overcast clouds
438,nizhniy kuranakh,58.8353,125.4869,56.88,64,55,4.59,RU,broken clouds
439,timbiqui,2.7717,-77.6654,79.97,81,73,5.23,CO,light rain
440,tyup,42.7276,78.3648,56.35,64,94,3.51,KG,overcast clouds
441,clermont,49.5,2.4167,61.72,82,0,6.85,FR,clear sky
442,bom jesus,-9.0744,-44.3586,78.58,37,82,4.09,BR,broken clouds
443,oriximina,-1.7656,-55.8661,81.43,70,83,3.18,BR,broken clouds
444,baltiysk,54.6538,19.911,48.18,84,14,9.48,RU,few clouds
445,gazanjyk,39.2446,55.5154,83.73,29,12,6.49,TM,few clouds
446,coihaique,-45.5752,-72.0662,45.21,87,40,3.44,CL,light rain
447,montepuez,-13.1256,38.9997,65.55,87,66,3.53,MZ,broken clouds
448,san carlos de bariloche,-41.1456,-71.3082,47.95,71,75,14.61,AR,broken clouds
449,marawi,7.9986,124.2928,67.64,95,100,2.91,PH,overcast clouds
450,panguna,-6.3164,155.4848,74.5,83,51,1.81,PG,light rain
451,the valley,18.217,-63.0578,82.81,83,20,3.44,AI,few clouds
452,okato,-39.2,173.8833,47.68,79,92,6.04,NZ,overcast clouds
453,ranong,9.9658,98.6348,79.54,88,99,7.0,TH,overcast clouds
454,boke,10.9409,-14.2967,77.36,75,58,5.46,GN,broken clouds
455,jackson,42.4165,-122.8345,88.39,27,1,4.61,US,clear sky
456,viedma,-40.8135,-62.9967,54.52,49,100,20.11,AR,light rain
457,angoche,-16.2325,39.9086,73.87,76,0,5.59,MZ,clear sky
458,grindavik,63.8424,-22.4338,45.55,81,20,16.64,IS,few clouds
459,barstow,34.8986,-117.0228,97.16,10,0,12.17,US,clear sky
460,parana,-31.732,-60.5238,58.51,58,0,3.78,AR,clear sky
461,porbandar,21.6422,69.6093,82.92,78,97,12.66,IN,overcast clouds
462,maarianhamina,60.0973,19.9348,48.06,76,0,6.91,AX,clear sky
463,aksu,41.1231,80.2644,77.25,25,97,7.83,CN,overcast clouds
464,slonim,53.0867,25.3219,44.65,83,51,5.99,BY,broken clouds
465,fortuna,40.5982,-124.1573,86.18,71,97,3.0,US,overcast clouds
466,tromso,69.6496,18.957,45.25,93,75,3.0,NO,broken clouds
467,henties bay,-22.116,14.2845,58.48,88,5,5.97,NA,clear sky
468,talnakh,69.4865,88.3972,36.95,97,100,19.91,RU,moderate rain
469,sfantu gheorghe,45.8667,25.7833,52.93,83,97,1.99,RO,overcast clouds
470,bend,44.0582,-121.3153,78.22,21,1,5.01,US,clear sky
471,pangnirtung,66.1451,-65.7125,34.72,99,100,4.81,CA,light rain
472,sabha,27.0377,14.4283,88.66,16,1,15.14,LY,clear sky
473,adelaide,-34.9333,138.6,53.29,55,0,1.01,AU,clear sky
474,acaponeta,22.4964,-105.3594,95.97,34,7,12.39,MX,clear sky
475,hualmay,-11.0964,-77.6139,67.41,82,62,9.69,PE,broken clouds
476,teguldet,57.3064,88.1667,38.59,66,86,4.72,RU,overcast clouds
477,praya,14.9215,-23.5087,73.94,73,0,16.11,CV,clear sky
478,chimoio,-19.1164,33.4833,56.68,66,0,2.64,MZ,clear sky
479,nalut,30.3333,10.85,81.88,28,43,14.88,LY,scattered clouds
480,oktyabrskiy,54.4815,53.471,47.98,93,80,9.91,RU,broken clouds
481,hay river,60.8156,-115.7999,46.26,57,100,8.3,CA,overcast clouds
482,port blair,11.6667,92.75,81.23,83,100,4.45,IN,overcast clouds
483,monroe,43.1501,-77.6831,64.33,57,75,8.05,US,broken clouds
484,port-cartier,50.0334,-66.8654,58.93,49,36,7.18,CA,scattered clouds
485,lengshuitan,26.4111,111.5956,70.99,98,99,0.92,CN,overcast clouds
486,tripoli,32.8752,13.1875,70.84,70,5,9.57,LY,clear sky
487,muli,2.9167,73.5667,83.16,73,24,20.87,MV,few clouds
488,atar,20.5169,-13.0499,91.74,25,81,12.33,MR,broken clouds
489,honningsvag,70.9821,25.9704,42.28,95,100,25.86,NO,overcast clouds
490,kununurra,-15.7667,128.7333,64.38,52,72,3.44,AU,broken clouds
491,ziarat,30.3823,67.7282,66.72,16,11,5.82,PK,few clouds
492,oyama,36.3,139.8,70.03,61,8,1.23,JP,clear sky
493,olinda,-8.0089,-34.8553,73.13,94,75,8.52,BR,broken clouds
494,rincon,32.296,-81.2354,80.78,58,75,1.99,US,broken clouds
495,trat,12.5,102.5,81.79,88,51,2.04,TH,broken clouds
496,san andres,12.5847,-81.7006,81.91,76,8,14.03,CO,clear sky
497,rosarito,32.3333,-117.0333,76.62,68,9,9.46,MX,clear sky
498,kitui,-1.367,38.0106,63.1,81,96,5.91,KE,overcast clouds
499,sao jose da coroa grande,-8.8978,-35.1478,75.7,88,70,7.23,BR,light rain
500,santa rosa,14.3122,121.1114,82.38,87,95,2.82,PH,overcast clouds
501,charters towers,-20.1,146.2667,61.74,83,16,11.05,AU,few clouds
502,lompoc,34.6391,-120.4579,85.01,73,1,13.8,US,clear sky
503,thaton,16.9206,97.3714,77.7,92,99,3.56,MM,overcast clouds
504,sabang,5.8933,95.3214,83.32,72,98,20.56,ID,overcast clouds
505,pio ix,-6.8375,-40.5792,74.79,44,19,5.61,BR,few clouds
506,nueva loja,0.0847,-76.8828,78.26,85,79,1.25,EC,broken clouds
507,nanzhang,31.7765,111.8386,71.22,89,89,1.79,CN,overcast clouds
508,esso,55.9333,158.7,43.56,75,59,5.06,RU,broken clouds
509,strezhevoy,60.7333,77.5889,58.98,70,89,10.07,RU,overcast clouds
510,gillette,44.2911,-105.5022,69.69,26,1,4.61,US,clear sky
511,colac,-38.3333,143.5833,43.83,76,4,2.66,AU,clear sky
512,valdivia,-39.8142,-73.2459,51.89,98,100,6.76,CL,overcast clouds
513,inhambane,-23.865,35.3833,69.28,81,29,11.45,MZ,scattered clouds
514,yashkul,46.1711,45.3435,63.73,85,36,12.5,RU,scattered clouds
515,tessalit,20.1986,1.0114,96.19,8,99,6.38,ML,overcast clouds
516,kahului,20.8947,-156.47,84.22,65,40,13.8,US,scattered clouds
517,bahia blanca,-38.7196,-62.2724,53.24,47,86,14.54,AR,moderate rain
518,mosquera,4.7059,-74.2302,57.29,100,75,2.3,CO,broken clouds
519,okitipupa,6.5047,4.7839,76.96,96,87,4.83,NG,overcast clouds
520,salekhard,66.53,66.6019,34.54,70,10,16.4,RU,clear sky
521,juneau,58.3019,-134.4197,52.21,94,90,4.0,US,light rain
522,olkusz,50.2813,19.565,51.71,85,85,5.86,PL,overcast clouds
523,glendive,47.1053,-104.7125,73.69,24,40,9.22,US,scattered clouds
524,kapoeta,4.7717,33.5903,80.55,42,12,9.69,SS,few clouds
525,devils lake,48.1128,-98.8651,73.38,20,20,18.01,US,few clouds
526,inirida,3.8653,-67.9239,77.52,86,94,1.86,CO,overcast clouds
527,porto novo,6.4965,2.6036,82.45,79,90,9.15,BJ,overcast clouds
528,soubre,5.7856,-6.6083,74.37,96,43,3.44,CI,scattered clouds
529,mana,5.6592,-53.7767,77.61,88,97,8.93,GF,overcast clouds
530,paamiut,61.994,-49.6678,35.15,90,37,20.04,GL,scattered clouds
531,choya,52.0108,86.5467,44.69,80,19,4.21,RU,few clouds
532,kinablangan,7.6947,126.5503,75.63,92,100,4.85,PH,light rain
533,sakti,22.0333,82.9667,89.29,42,49,4.65,IN,scattered clouds
534,yar-sale,66.8333,70.8333,35.37,69,6,12.91,RU,clear sky
535,fenoarivo atsinanana,-17.3667,49.4167,69.73,89,17,4.65,MG,few clouds
536,plettenberg bay,-34.0527,23.3716,56.97,64,92,5.7,ZA,overcast clouds
537,gasa,31.5,34.4667,74.91,51,28,3.18,PS,scattered clouds
538,xapuri,-10.6517,-68.5044,80.28,71,70,3.62,BR,broken clouds
539,lancaster,40.2504,-76.2499,52.83,70,100,3.0,US,overcast clouds
540,sambava,-14.2667,50.1667,72.48,89,29,6.8,MG,scattered clouds
541,oeiras do para,-2.0031,-49.8544,81.1,76,60,3.49,BR,broken clouds
542,yerbogachen,61.2767,108.0108,47.05,76,99,6.46,RU,overcast clouds
543,bull savanna,17.8868,-77.5902,80.8,70,58,12.08,JM,broken clouds
544,toamasina,-18.1667,49.3833,71.38,85,2,4.79,MG,clear sky
545,bud,39.447,-86.1758,71.55,39,0,5.14,US,clear sky
546,stromness,58.965,-3.296,48.45,93,0,14.29,GB,clear sky
547,san policarpo,12.1791,125.5072,79.59,85,89,3.31,PH,overcast clouds
548,santa ana,33.7456,-117.8678,87.15,64,20,7.0,US,few clouds
549,bambous virieux,-20.3428,57.7575,72.21,83,28,8.59,MU,light rain
550,sinegorye,62.0788,150.477,44.26,68,96,4.03,RU,overcast clouds
551,ifanadiana,-21.3,47.6333,62.2,97,9,3.49,MG,clear sky
552,vila,42.0304,-8.1588,59.88,72,39,2.48,PT,scattered clouds
553,torres,-29.3353,-49.7269,53.76,68,14,5.06,BR,few clouds
554,abadiania,-16.2042,-48.7069,71.37,51,45,3.0,BR,scattered clouds
555,magway,20.15,94.9167,81.81,77,82,9.31,MM,broken clouds
556,sinop,41.7711,34.8709,56.86,89,5,7.85,TR,clear sky
557,beloha,-25.1667,45.05,65.26,82,27,5.14,MG,scattered clouds
558,karakol,42.4907,78.3936,56.39,61,99,5.21,KG,overcast clouds
559,quatre cocos,-20.2078,57.7625,72.09,83,40,7.99,MU,light rain
560,bayangol,50.6977,103.4656,28.42,92,98,2.33,RU,overcast clouds
561,karratha,-20.7377,116.8463,66.34,71,8,11.14,AU,clear sky
562,yuzhno-kurilsk,44.0306,145.8556,39.88,90,92,25.7,RU,overcast clouds
563,ayagoz,47.9714,80.4392,53.17,49,16,9.17,KZ,few clouds
564,sirsi,14.6167,74.85,70.21,97,100,1.92,IN,overcast clouds
565,kiama,-34.6833,150.8667,54.0,84,0,1.99,AU,clear sky
566,kamaishi,39.2667,141.8833,59.67,64,4,3.13,JP,clear sky
567,rio gallegos,-51.6226,-69.2181,33.85,75,75,9.22,AR,broken clouds
568,acajutla,13.5928,-89.8275,89.8,70,75,3.74,SV,broken clouds
569,banamba,13.55,-7.45,96.37,25,48,5.3,ML,scattered clouds
570,troitsko-pechorsk,62.7084,56.1964,34.02,74,11,5.68,RU,few clouds
571,solnechnyy,50.7214,136.6319,52.56,65,86,2.73,RU,overcast clouds
572,wilmington island,32.0036,-80.9737,79.03,58,75,1.01,US,broken clouds
573,shumskiy,54.8318,99.1328,36.79,99,100,2.51,RU,light rain
574,kibre mengist,5.8833,38.9833,54.09,94,73,1.81,ET,broken clouds
575,macamic,48.7502,-78.9996,65.43,43,1,6.38,CA,clear sky
576,walvis bay,-22.9575,14.5053,60.51,76,4,6.42,NA,clear sky
577,ekibastuz,51.6667,75.3667,65.66,29,75,14.52,KZ,broken clouds
578,sibu,2.3,111.8167,73.04,93,74,0.87,MY,broken clouds
579,rancho palos verdes,33.7445,-118.387,83.35,75,40,1.01,US,scattered clouds
580,kharitonovo,61.4009,47.4978,31.71,83,7,3.83,RU,clear sky
581,lufilufi,-13.8745,-171.5986,89.38,73,32,17.47,WS,scattered clouds
582,devarkonda,16.7,78.9333,84.38,57,93,16.71,IN,overcast clouds
583,washington,47.5001,-120.5015,82.89,21,100,5.59,US,overcast clouds
584,azangaro,-14.9167,-70.2167,50.76,35,57,5.86,PE,broken clouds
585,nabire,-3.3667,135.4833,76.68,93,99,2.24,ID,overcast clouds
586,jinchang,38.4953,102.1739,63.99,39,99,18.57,CN,overcast clouds
587,alta floresta,-9.8756,-56.0861,75.36,68,24,4.14,BR,few clouds
588,hammerfest,70.6634,23.6821,43.25,93,75,18.41,NO,broken clouds
589,omboue,-1.5746,9.2618,76.68,91,97,8.12,GA,overcast clouds
590,puerto colombia,10.9878,-74.9547,82.49,76,42,18.41,CO,scattered clouds
591,tarrafal,15.2833,-23.7667,74.19,85,68,13.0,CV,broken clouds
592,mackay,-21.15,149.2,66.69,77,62,13.78,AU,broken clouds
593,santa helena,-2.2311,-45.3,76.32,89,53,3.62,BR,broken clouds
594,shushtar,32.0455,48.8567,92.14,10,0,5.86,IR,clear sky
595,alofi,-19.0595,-169.9187,80.44,78,61,12.93,NU,light rain
596,camacha,33.0833,-16.3333,62.02,63,20,12.66,PT,few clouds
597,rovaniemi,66.5,25.7167,49.41,61,0,4.61,FI,clear sky
598,uray,60.1247,64.7758,44.04,90,100,11.74,RU,light rain
599,brekstad,63.687,9.6654,51.57,81,75,5.75,NO,broken clouds
600,belyy yar,53.6039,91.3903,42.69,87,0,1.9,RU,clear sky
601,pemba,-12.974,40.5178,74.1,94,75,4.61,MZ,broken clouds
602,rakai,-0.72,31.4839,60.98,90,42,3.33,UG,scattered clouds
603,brumado,-14.2036,-41.6653,74.98,46,30,4.21,BR,scattered clouds
604,longyan,25.1072,117.0225,72.64,99,100,2.04,CN,overcast clouds
605,san quintin,30.4833,-115.95,64.89,63,78,15.08,MX,broken clouds
606,bushehr,28.9684,50.8385,87.89,51,0,6.91,IR,clear sky
607,privas,44.5833,4.5,60.53,87,87,2.68,FR,overcast clouds
608,anzio,41.4853,12.6179,65.35,88,14,3.29,IT,few clouds
609,kutum,14.2,24.6667,86.16,19,92,7.05,SD,overcast clouds
610,manakara,-22.1333,48.0167,69.39,93,4,6.98,MG,clear sky
611,gelemso,8.8167,40.5167,62.58,59,42,5.68,ET,scattered clouds
612,morgan city,29.6994,-91.2068,84.0,61,75,4.79,US,broken clouds
613,westport,41.1415,-73.3579,51.94,93,90,1.01,US,overcast clouds
614,inuvik,68.3499,-133.7218,48.51,48,58,12.77,CA,broken clouds
615,moorhead,46.8739,-96.7676,75.07,37,90,10.36,US,overcast clouds
616,yershichi,53.6725,32.7542,44.13,77,100,4.99,RU,overcast clouds
617,pringsewu,-5.3582,104.9744,72.77,97,71,2.77,ID,broken clouds
618,sumbe,-11.2061,13.8437,74.88,87,5,7.96,AO,clear sky
619,gari,59.4307,62.3497,43.43,92,100,9.08,RU,light rain
620,warrnambool,-38.3833,142.4833,39.81,62,5,7.9,AU,clear sky
621,padang,-0.9492,100.3543,75.02,96,97,3.69,ID,overcast clouds
622,faya,18.3851,42.4509,66.72,24,5,4.83,SA,clear sky
623,ipameri,-17.7219,-48.1597,76.44,44,84,3.09,BR,broken clouds
624,svetlyy,54.675,20.1347,50.05,88,20,6.82,RU,few clouds
625,general roca,-39.0333,-67.5833,63.0,42,99,25.52,AR,overcast clouds
626,banda aceh,5.5577,95.3222,79.95,73,69,13.44,ID,broken clouds
627,nioro,13.35,-15.75,77.31,64,80,12.33,GM,broken clouds
628,ewa beach,21.3156,-158.0072,85.37,61,40,8.05,US,scattered clouds
629,takoradi,4.8845,-1.7554,79.72,86,84,7.83,GH,light rain
630,obsharovka,53.125,48.8531,51.58,92,100,13.65,RU,heavy intensity rain
631,santa isabel do rio negro,-0.4139,-65.0192,76.78,96,63,2.51,BR,broken clouds
632,nantucket,41.2835,-70.0995,52.07,95,90,13.8,US,moderate rain
633,mawlaik,23.6333,94.4167,78.46,79,9,0.13,MM,clear sky
634,agapia,47.1667,26.2833,50.68,91,71,1.86,RO,broken clouds
635,methoni,36.8197,21.7049,69.22,80,4,11.52,GR,clear sky
636,grand forks,47.9417,-97.4337,76.93,16,75,18.41,US,broken clouds
637,mombetsu,44.3525,143.3525,39.61,93,100,15.52,JP,overcast clouds
638,sept-iles,50.2001,-66.3821,59.25,50,25,1.01,CA,scattered clouds
639,guisa,20.255,-76.5386,75.51,69,52,1.32,CU,broken clouds
640,ndende,-2.4008,11.3581,73.26,98,100,2.48,GA,moderate rain
641,cerrito,6.8432,-72.694,58.39,90,96,3.78,CO,overcast clouds
642,qingdao,36.0986,120.3719,63.14,88,20,7.94,CN,few clouds
643,puerto suarez,-18.95,-57.8,75.56,88,100,4.61,BO,overcast clouds
644,buala,-8.145,159.5921,81.7,80,76,5.01,SB,broken clouds
645,morehead,37.2711,-87.1764,71.94,37,1,6.91,US,clear sky
646,doha,25.2867,51.5333,94.98,29,0,6.91,QA,clear sky
647,shakiso,5.75,38.9167,54.91,95,60,1.41,ET,broken clouds
648,kanniyakumari,8.0833,77.5667,80.44,83,87,20.18,IN,overcast clouds
649,keuruu,62.2667,24.7,48.38,73,87,4.7,FI,overcast clouds
650,bowen,-20.0167,148.2333,68.61,79,79,14.81,AU,broken clouds
651,padampur,29.6833,73.6167,90.99,28,1,6.33,IN,clear sky
652,puerto madryn,-42.7692,-65.0385,51.67,76,100,5.48,AR,light rain
653,clonakilty,51.6231,-8.8706,52.81,86,4,4.72,IE,clear sky
654,santander jimenez,24.2167,-98.4667,90.95,46,83,20.67,MX,broken clouds
655,novikovo,51.1537,37.8879,50.04,93,100,7.31,RU,overcast clouds
656,nishihara,26.1842,127.7558,75.25,94,90,19.8,JP,moderate rain
657,alyangula,-13.8483,136.4192,74.34,81,98,8.99,AU,overcast clouds
658,abha,18.2164,42.5053,66.45,56,0,3.29,SA,clear sky
659,kalmunai,7.4167,81.8167,80.35,80,71,4.63,LK,broken clouds
660,hervey bay,-25.2986,152.8535,65.03,79,10,4.0,AU,clear sky
661,launceston,-41.45,147.1667,38.16,100,13,1.1,AU,few clouds
662,zemio,5.0314,25.1361,72.88,76,24,1.68,CF,few clouds
663,bathsheba,13.2167,-59.5167,81.21,65,40,18.43,BB,scattered clouds
664,deputatskiy,69.3,139.9,52.18,51,34,10.0,RU,scattered clouds
665,caxito,-8.5785,13.6643,77.65,97,49,3.67,AO,scattered clouds
666,port hedland,-20.3167,118.5667,69.85,78,75,6.91,AU,broken clouds
667,zistersdorf,48.5333,16.75,53.82,68,8,6.73,AT,clear sky
668,shirokiy,49.758,129.523,52.27,83,70,12.37,RU,broken clouds
669,douglas,41.3,-96.167,63.46,69,75,4.94,US,broken clouds
670,rosita,13.9268,-84.4032,91.42,39,66,6.76,NI,broken clouds
671,sao felix do xingu,-6.6447,-51.995,76.5,67,34,3.33,BR,scattered clouds
672,bath,51.3779,-2.3591,57.76,73,100,5.39,GB,overcast clouds
673,kirando,-7.4167,30.6,71.69,60,7,5.57,TZ,clear sky
674,portland,45.5234,-122.6762,84.61,38,75,1.01,US,broken clouds
675,belmonte,-15.8631,-38.8828,79.3,80,8,7.18,BR,clear sky
